,0
yemek,302
mek칙n,231
g칲zel,219
yer,191
lezzet,187
iyi,147
gitmek,131
servis,130
manzara,121
olmak,110
fiyat,108
cok,104
yok,84
etmek,80
demek,73
icin,66
degil,63
kalite,57
garson,56
de릀ek,54
yapmak,54
uygun,54
orta,54
guzel,54
칞ay,53
konu,53
et,51
gayet,45
men칲,45
gelmek,45
meze,45
denemek,44
keyif,43
fazla,42
manzarasi,41
tavsiye,40
ev,40
sade,38
son,38
tl,37
tat,36
tercih,36
k칬t칲,36
칞al캼릀ak,35
hizmet,35
zaman,34
ger칞ek,34
m칲zik,33
bura,33
porsiyon,31
ilgi,31
servi,31
i칞,30
vermek,29
masa,29
normal,29
sevmek,28
istemek,28
kahvalt캼,28
harika,28
dekorasyon,28
i칞mek,27
tek,27
saat,27
beklemek,26
ba르r캼,26
bol,25
getirmek,25
basari,24
bi,24
kesinlikle,24
bah칞e,24
bence,24
rahat,24
칬zellikle,24
kalabalik,24
tavuk,23
g칬re,23
cafe,22
i팮stanbul,22
ilk,22
bulmak,22
gelen,22
칞e를t,21
hesap,21
b칬yle,21
sunu,21
fena,21
islemek,21
in,20
almak,20
keyf칥,20
h캼z,20
kebap,20
eski,20
bira,19
oturmak,19
칞e를tli,19
m칲릆eri,19
k칬fte,19
patates,19
칲st,18
hayal,18
pahal캼,18
mutlaka,18
ortalama,18
mekanin,18
ba륾a,18
menemen,18
k칲칞칲k,18
sahip,17
birbiri,17
tatl캼,17
bal캼k,17
zevk,17
y칲ksek,17
oldugu,17
malzeme,17
deney,17
sufle,17
arkada,17
kahvalti,16
pizza,16
sunmak,16
personel,16
genel,16
derece,16
gerek,16
kahve,16
hamburger,16
y칲z,16
diger,16
s칬ylemek,16
kalaba,16
ho,16
d칬ner,16
zor,16
muhtesem,16
berbat,15
standart,15
eder,15
pahali,15
ara,15
hos,15
tabak,15
evet,15
pi,15
para,15
gerekmek,15
ozellikle,15
ayn캼,15
fark,15
kuru,14
m칲kemmel,14
edi,14
kere,14
be른nmek,14
genelde,14
hemen,14
칬nermek,14
ideal,14
yan,14
maalesef,14
paket,14
ayr캼,14
vasat,14
i칞ecek,14
olmasi,14
super,13
buyuk,13
s캼cak,13
su,13
b칲y칲k,13
biri,13
alkol,13
르hane,13
g칲ler,13
bulunmak,13
칞ok,13
hamur,13
rezalet,13
tatli,13
corbasi,13
yetmek,13
칲r칲n,12
geliyor,12
uz,12
bo르z,12
disinda,12
baklava,12
deniz,12
derim,12
hava,12
ayni,12
d캼,12
bos,12
칬nce,12
sicak,12
bilmek,12
tutmak,12
tatmak,12
soru,12
deneme,12
farkli,12
sekil,12
durmak,12
sebep,12
g칬rmek,12
neden,11
칞캼t캼r,11
sal칙t,11
g칲n,11
i팮nsa,11
sulari,11
ferah,11
tadi,11
fiyatlari,11
ragmen,11
kalmak,11
sohbet,11
sikmek,11
oldugum,11
i칞eri,11
ister,11
yedi,11
yiyecek,11
duru,11
olabilir,11
kad캼k칬y,11
tarz,11
d캼르r캼,11
yazmak,11
zengin,11
omlet,10
damak,10
ra릀en,10
insan칥,10
bask,10
beklenti,10
malesef,10
lira,10
hersey,10
burger,10
sos,10
yemegi,10
soguk,10
kahvaltisi,10
restorant,10
katmak,10
kizartmasi,10
memnun,10
favori,10
degildi,10
릇be,10
yaramak,10
ayrica,9
cesit,9
haf,9
ic,9
ufak,9
uramak,9
ay,9
칬n,9
o,9
itibar칥,9
yuksek,9
kisin,9
bogazin,9
pide,9
nargile,9
big,9
olur,9
par,9
can,9
gun,9
se칞enek,9
s칲rek,9
tabagi,9
g칬z,9
ge칞irmek,9
kokmak,9
taze,9
enfes,9
s칲per,9
sanmak,9
talep,9
oldugunu,9
somo,9
fresh,9
yavas,9
alani,9
mevcut,8
makul,8
ters,8
bay캼lmak,8
olayi,8
domates,8
muhte른m,8
haftasonu,8
merkez,8
olay,8
yeter,8
citir,8
b칬l칲m,8
a칞ik,8
alternatif,8
sipari,8
bozmak,8
칞esit,8
bulamak,8
calisanlar,8
fasulye,8
bir,8
ge칞mek,8
kendi,8
geri,8
saymak,8
oturup,8
mizuno,8
birazcik,8
gelin,8
par칞a,8
olunca,8
칲zerine,8
menu,8
peynir,8
limonata,8
her른y,8
k캼r캼k,8
cesitli,8
s캼k캼nt캼,8
ge칞er,8
yazin,8
sira,8
tabiki,8
pudding,8
resmen,8
칲cret,8
bitirmek,8
칬vmek,8
oldukca,7
olacak,7
gen칞,7
leziz,7
meyve,7
konsept,7
varin,7
k칬pr칲,7
caymak,7
d칲칲nmek,7
칲n,7
yemeginizi,7
happy,7
mekani,7
gobeginde,7
saglikli,7
dikkat,7
kenar,7
fajita,7
mide,7
renk,7
rezervasyon,7
hissetmek,7
ogle,7
guzeldi,7
girmek,7
tekrar,7
s칲re,7
rock,7
s캼kmak,7
칲zerinde,7
pil칙v,7
kuz,7
hari,7
alt,7
kisi,7
an,7
gec,7
rahatlikla,7
sever,7
hele,7
asir,7
kirikligi,7
kot,7
a칞캼k,7
deni,7
ulasim,7
otopark,7
칬zel,7
kokteyl,7
seviyoruz,7
cikariyor,7
ascisi,7
ke륾e,7
mekanim,7
mudavimi,7
varmak,7
k칙p,7
seyler,7
를rin,7
hayli,7
hale,7
restoran,7
balli,7
tatmin,7
yesil,7
mercimek,7
inanilmaz,7
dinlenmek,7
kestane,7
g칲r칲lt칲,7
rahatsiz,7
evin,7
d칲zmek,6
를mdi,6
chefs,6
b칲fe,6
yenmek,6
bal,6
pis,6
yava,6
se,6
performans,6
verdiginiz,6
gittigim,6
bardak,6
zeytinyagli,6
misafir,6
yol,6
taraf,6
g칲lery칲z,6
doyurmak,6
guler,6
kebabi,6
vs,6
geni,6
b칲t칲n,6
tera,6
lokasyon,6
sucuk,6
ba,6
huzur,6
daki,6
d칲칲yor,6
ge칞enlerde,6
subelerine,6
sarimsakli,6
k캼,6
bridge,6
yaninda,6
tarafinda,6
magnolia,6
cizbiz,6
kaldigi,6
a칞mak,6
saatlerce,6
degecek,6
sokak,6
칙l칙,6
vanilla,6
koftesi,6
sutis,6
moccachinosu,6
pazar,6
dtox,6
hahvalti,6
zenginligiyle,6
acik,6
vale,6
edebilecegim,6
kala,6
nadir,6
keyifle,6
rahatligi,6
konforuyle,6
d칲칲rmek,6
s칲tl칙칞,6
hard,6
kredi,6
bakiyor,6
profil,6
seyrek,6
giriste,6
mini,6
sark칲teride,6
alisverise,6
isik,6
gidisim,6
mantar,6
vakit,6
칬zelligi,6
esliginde,6
ac캼mak,6
hak,6
pop칲ler,6
al캼yorum,6
i팮kram,6
gore,6
balik,6
is,6
kavurma,6
gerekli,6
boyut,6
me륻ur,6
yag,6
g칬ztepe,6
memnu,6
emniyet,6
subesi,6
salatalari,6
arka,6
mah,6
sartiyla,6
pi릀an,6
artik,6
olusuyor,6
ikisinide,6
gonderiyor,6
bonfile,6
kucuk,6
d칲kk칙n,5
k칙se,5
kalkmak,5
s칲r칲mek,5
a칞ildigindaki,5
k칲nefe,5
al캼nmak,5
gercek,5
anadol,5
ruh,5
ozel,5
olabilirdi,5
acil,5
d칬senmis,5
a칞isindan,5
칞ekmek,5
hafif,5
pizzalari,5
ak,5
a칞캼k칞as캼,5
puan,5
ayran,5
siri,5
el,5
genis,5
burasi,5
i륿etme,5
bozuk,5
masat,5
칲zere,5
ugrak,5
begendim,5
say캼,5
fay,5
bayildik,5
ayva,5
yazik,5
dolayi,5
so릇k,5
civar,5
menus,5
aslinda,5
cunku,5
a륾,5
yak캼,5
sempatik,5
kitle,5
k캼sa,5
arkada륶a,5
ko,5
ad캼na,5
cabasi,5
di른r,5
gelip,5
bogaz,5
isteyenler,5
mutlu,5
salon,5
fix,5
zeytinya,5
terbiye,5
fiyati,5
kebaplari,5
tatlilari,5
kafe,5
kes,5
emin,5
brunch,5
seviye,5
칞ift,5
barmen,5
egzotik,5
dekl,5
arasi,5
hal,5
i,5
tuzlamak,5
be를kta,5
yanmak,5
efsane,5
izgara,5
meyhane,5
yo,5
sampi,5
kolay,5
butun,5
kl칙sik,5
doymak,5
koymak,5
laf,5
anlamak,5
s캼r,5
칞ilek,5
gibi,5
olmamis,5
combo,5
surat,5
siparis,5
kofte,5
칬gle,5
olmus,5
salata,5
muhabbet,5
hepsi,4
kis,4
kocamak,4
칬zellik,4
orantili,4
limonatasi,4
tatlilardan,4
konum,4
fistikli,4
gelir,4
aldi,4
mecburen,4
negatif,4
metre,4
otagtepe,4
deneyimlemek,4
belli,4
yagli,4
kavurmali,4
degmeyen,4
zenginligi,4
hemde,4
yeni,4
gittigimiz,4
anmak,4
dilim,4
dondurmasi,4
칬,4
olabiliyor,4
hizli,4
satmak,4
inanmak,4
ihtimal,4
mukemmel,4
dem,4
ak르m,4
kul,4
ad,4
bulabilirsiniz,4
yesillikler,4
karak칬y,4
dakika,4
karti,4
g칬stermek,4
koku,4
nispeten,4
tadimdan,4
sonra,4
da,4
i팮칞eriden,4
k칲t칲k,4
olmasina,4
른,4
anlayamadigim,4
meshur,4
geldigi,4
suratli,4
asik,4
칞orbayi,4
kaynaklamak,4
ceviz,4
sekerli,4
dunden,4
vardir,4
yapimi,4
yorum,4
memnuniyet,4
sahib,4
hayat,4
biyer,4
ukal칙,4
kasarli,4
adana,4
yanliz,4
suratsiz,4
tos,4
칬ze,4
yapildigi,4
arkadaslar,4
ortam,4
i캼k,4
kisiye,4
hosnutluktan,4
bahsedemicem,4
besiktas,4
aile,4
olmasada,4
kenfi,4
fiat,4
saki,4
ki를,4
yumurmak,4
k캼vam,4
otob칲s,4
칞itir,4
bakimli,4
캼zgara,4
g칲ll칲oglunun,4
kar캼lamak,4
kadar,4
pastirma,4
sonrasinda,4
epey,4
sarmak,4
yan캼nda,4
i,4
roka,4
olmamasi,4
mi,4
be른ndi,4
hi칞bir,4
dizayni,4
kahvaltimizi,4
rum,4
veri,4
biteremiyosunuz,4
yuzlu,4
bulundugu,4
agir,4
num,4
tartisilmaz,4
mis,4
tereya,4
mant캼,4
iftar,4
olumlu,4
irmik,4
salatasi,4
haketmek,4
imek,4
칞itayi,4
oyun,4
de를를k,4
sanir,4
sek,4
칞ocuk,4
kalmadi,4
denenebilir,4
takdir,4
칬demek,4
sey,4
yak캼릀ak,4
bey,4
y칲kselmek,4
ilgilenmek,4
eksik,4
bayan,4
istediginiz,4
varit,4
arkadaslarla,4
르rt,4
esnaf,4
hijyen,4
tadlari,4
tuvalet,4
dip,4
romantik,4
aciysa,4
kol,4
elemanlari,4
ariyorsaniz,4
kaybetmek,4
geliyorsa,4
donmak,4
dolu,4
dilemek,4
yakin,4
karisik,4
tarafi,4
tatliyi,4
urunden,3
ansiklopedi,3
moon,3
칬륿e,3
bek,3
ayr캼lmak,3
dar,3
bakimsiz,3
f캼st캼k,3
ba릆a,3
kalinliginda,3
lakerda,3
ba륿amak,3
oturdugum,3
azalmak,3
yapilan,3
kar캼,3
garsonlarinin,3
siparisinizi,3
sattiklari,3
iki,3
t캼kmak,3
sa륿캼k,3
m칲mk칲n,3
칙deta,3
rak캼,3
saoganlar,3
y캼llamak,3
ilettiginizde,3
birturlu,3
karamelize,3
ifade,3
s칬zde,3
mc,3
donalds,3
yiyemediginiz,3
yeyin,3
kullandiklari,3
bug칲n,3
arkadasim,3
uyacak,3
enerji,3
sabahlari,3
ayvalik,3
uok,3
kurtaricisi,3
ak르mlar캼,3
birseyleri,3
ozellik,3
onemli,3
wrap,3
istediginizde,3
getirmisler,3
yorumlamak,3
pozitif,3
olmadigini,3
nu,3
i팮lk,3
f캼r,3
duymak,3
vere,3
birakin,3
칞esidi,3
g칬ren,3
sikisik,3
havasiz,3
ba륿ang캼칞,3
lokum,3
hisari,3
diyorsaniz,3
s칬yleyin,3
l칲ks,3
칬deyecegini,3
iceceklerde,3
edilwbilir,3
fiyatiyla,3
taraflari,3
d칲,3
karsilasirsiniz,3
bo,3
seven,3
kart,3
larca,3
ula캼m,3
genellikle,3
rabet,3
birlik,3
칞esitleriyle,3
dolay캼,3
icersinde,3
animsatan,3
dag,3
kismi,3
yem,3
g칬bek,3
kalamar,3
restaurant,3
caylar,3
tirt,3
moons,3
d칲se,3
kurufasulye,3
sacma,3
self,3
k캼s캼m,3
s칬yleyemeyece를m,3
ucuz,3
seyretmek,3
baligi,3
temiz,3
birsey,3
tavir,3
s,3
sam칥,3
rezil,3
heyecan,3
kaliyor,3
calisanlarin,3
sifir,3
칬nceden,3
bisey,3
ozetle,3
rezarvasyon,3
otesi,3
ayri,3
t칲rk,3
bir른y,3
akis,3
istakoz,3
gidecegimi,3
ge칞inmek,3
ender,3
칞evre,3
a칞캼,3
k캼lmak,3
de를l,3
dam,3
okul,3
manzarasiyla,3
bourbon,3
tesis,3
begenimi,3
jumbo,3
kazanmis,3
칞almak,3
칞esitler,3
tatlilar,3
gelinir,3
tadilir,3
english,3
penn,3
sahlepi,3
yurtdisindan,3
extra,3
sahane,3
vanilya,3
g칲ve칞,3
merak,3
diyet,3
bayagi,3
sa칞mak,3
bay,3
칞ayi,3
캼k,3
sala,3
gittigimde,3
kahvaltiliklar,3
yeterince,3
ca,3
soylediler,3
muzikler,3
sutlaci,3
uzak,3
limon,3
d칲칲,3
s칬z,3
dizayn,3
ilede,3
yazan,3
rahatlamak,3
a르칞,3
akmak,3
mant캼k,3
b칲t칲k,3
yuzunden,3
kibar,3
tost,3
pub,3
hizmetide,3
problem,3
burayi,3
fon,3
es,3
b캼rakmak,3
laz캼m,3
s캼cakl캼k,3
sezgi,3
ayari,3
halka,3
makarna,3
gidisimde,3
dikkatli,3
lokantasi,3
koru,3
칬te,3
fethipa르,3
ambians,3
dolay캼s캼,3
doru,3
begenmistim,3
aci,3
olmayip,3
istek,3
haberdar,3
yanlis,3
sarap,3
nazaran,3
kombi,3
칲ste,3
getirmeleride,3
esas,3
ortami,3
begendigim,3
aga칞,3
lo,3
kaldik,3
denk,3
ge,3
kopya,3
bedel,3
칬d,3
sayilir,3
kaz캼klamak,3
olaral,3
cin,3
tipik,3
icinde,3
at,3
bulabilece를nizi,3
kavanoz,3
ardindan,3
g칲n칲,3
dis,3
caylarini,3
dev,3
degerlendirirsek,3
g칬rsel,3
lava,3
kurtarmak,3
cidden,3
bahcesiyle,3
칬nem,3
at캼릆캼rmak,3
른rbet,3
guleryuzlu,3
b칬rek,3
g칬ksu,3
surekli,3
misafirperver,3
koltuklariyla,3
aroma,3
samimiyet,3
sunduklari,3
manzaraydi,3
saye,3
istemistik,3
ikramlari,2
isim,2
denenmeli,2
biraktigi,2
b칲t칲nlestiren,2
g칬z칲kmek,2
jest,2
gelebilirsiniz,2
soylediginiz,2
g칬r칲,2
senet,2
avrupa,2
ortamlari,2
kafeteryasinin,2
daim,2
alamad캼m,2
eksi,2
s캼n캼r,2
bonsai,2
ortasina,2
konuslanmis,2
sampanya,2
tabi,2
deger,2
m칲davi,2
ko릇yolu,2
sote,2
칞alisirken,2
inanamayacaksiniz,2
ispanakli,2
kuskonmazli,2
altinda,2
izgaranin,2
topkapi,2
sipariz,2
bar,2
hisar칲st칲,2
guleryuz,2
manzaranin,2
ekmegini,2
quesadilla,2
d,2
cezbetmek,2
yormak,2
birlesince,2
tutturmasida,2
duygu,2
sebeple,2
르ns,2
mukemmeldi,2
so르n,2
karamel,2
dilruba,2
kirpi,2
israf,2
fizik,2
cumartesi,2
tavirlari,2
patlicanli,2
uskudar,2
d칲칲k,2
aramak,2
yaptirdigim,2
muhallebi,2
dakilerle,2
s칲ti,2
sapa,2
kar캼la릀ak,2
칞ikis,2
bulu릀ak,2
tiramisu,2
bahsisle,2
nusret,2
칬g칲n,2
calisan,2
amerika,2
duzeni,2
al캼캼k,2
veriyorlar,2
disaridan,2
kuru칞e릀e,2
ugramadan,2
hep,2
ikilemek,2
marjinal,2
road,2
canyon,2
s캼ra,2
olumsuz,2
istegi,2
slalom,2
dinlemek,2
esit,2
칬vg칲,2
herkes,2
caylardan,2
sempati,2
kazandi,2
fastfood,2
girildiginde,2
kepceden,2
pay,2
hissiyat,2
a칞캼,2
t칲nel,2
acikcasi,2
pisman,2
칞agiran,2
beyaz,2
seviyorum,2
k칬른leri游녧,2
hari칞,2
net,2
urunleri,2
sayilmazdi,2
edinmek,2
yapmasi,2
bugun,2
sevimli,2
kurufas칲lye,2
bulandiriyor,2
idare,2
른ker,2
kurufasulyeden,2
degiyo,2
bizce,2
insanlarin,2
buz,2
칞atal,2
hayatimda,2
tereyagli,2
denedigim,2
cayi,2
arttiralabilinir,2
ba륿캼,2
bitmek,2
b캼칞ak,2
sormak,2
bur,2
burosuna,2
elemani,2
yiyecegini,2
i팮yi,2
diyaloglar캼ni,2
kalkin,2
tane,2
cheescake,2
g칬cmen,2
nane,2
sefil,2
etki,2
칲zmek,2
sayg캼,2
tutarli,2
birlikteliginin,2
siparisin,2
cani,2
oduyorsunuz,2
d칬kmek,2
verdi,2
yen,2
i칞in,2
dert,2
bes,2
ny,2
steak,2
tan,2
t칲r,2
geliyorlar,2
yerlesimleri,2
sak캼z,2
dusundurmuyor,2
alel칙de,2
bit,2
art캼k,2
olabilirler,2
olabilecek,2
taksim,2
gelistirilmesi,2
칬gretmenevi,2
sekeri,2
f캼nd캼k,2
g칬gs칲,2
helvasinin,2
sirasinda,2
kulbasti,2
g칬gs칲nden,2
eksigi,2
kivamindaydi,2
b칲y칲mek,2
k칲륿eme,2
bourban,2
olusan,2
yo릇rt,2
ihtiya칞,2
tav,2
hayran,2
filiz,2
ma칞,2
gram,2
al캼yor,2
garanti,2
basi,2
ayrilabilirsiniz,2
seviyorsaniz,2
degisiklik,2
yedigim,2
yapiyor,2
soylemeden,2
ya르m캼릆캼k游땰,2
dusunun,2
benzin,2
mezar,2
imkansiz,2
ettigim,2
beklesekte,2
not,2
kirmizi,2
릂k,2
tereyagini,2
kararmak,2
mastika,2
demlemek,2
haftasonlari,2
alabildi를m,2
karistirinca,2
yat,2
fiyatlarinin,2
kek,2
vitamin,2
kay캼,2
s칲slemek,2
gidilebilinir,2
y캼ld칬n칲m칲,2
yemi,2
haavada,2
ak르mla캼nda,2
az,2
kullanilmissa,2
sikinti,2
yagin,2
i칞ki,2
ney,2
e,2
muamele,2
anlatilamayacak,2
sekorunden,2
르ka,2
dunyada,2
d칬nmek,2
manti,2
sahlep,2
aylarinda,2
sicaklari,2
nezih,2
nda,2
kap캼,2
kebapci,2
yakasi,2
cikardik,2
hakikaten,2
margarin,2
seyir,2
aman,2
plan,2
칞캼kmak,2
mu,2
bak캼r,2
soyledik,2
rahatsizlik,2
li,2
jager,2
sis,2
irish,2
malt,2
baz캼,2
oldugundan,2
fiyasko,2
d칲r칲,2
yandi,2
yagindan,2
siciliano,2
mojito,2
birkac,2
havu칞,2
eger,2
칲retim,2
kabuk,2
migdem,2
hitap,2
g칬ksun,2
biberlemek,2
sigara,2
atilmis,2
alan,2
kapal캼,2
gecmesine,2
kotusu,2
dilinmis,2
kolcuo륿u,2
d칲,2
f캼cc캼n,2
칬zg칲,2
i팮n르llah,2
hasan,2
i팮칞erisi,2
siparisten,2
taklid칥,2
karde,2
ortamini,2
yap캼,2
s캼f캼r,2
kazandibi,2
kaymakli,2
g칬steri,2
tatlisini,2
sinif,2
begenmedim,2
bulaniyor,2
keep,2
hosuma,2
from,2
korumak,2
eat,2
칞aba,2
and,2
calm,2
hazir,2
tarzinda,2
tavuklar,2
yemegin,2
ge칞,2
pi를rmek,2
yogunluk,2
devam,2
fast,2
food,2
garsonlarin,2
aksadigina,2
gidislerimizde,2
m캼s캼r,2
ekmek,2
disari,2
kalmistik,2
gittigimizde,2
aymak,2
a칞ildigi,2
aydir,2
칞ikar,2
uyandirmadi,2
hiss칥,2
g칬zlemlemek,2
elden,2
terasi,2
kaliyorsunuz,2
칬gren,2
y칬n,2
veriyor,2
na,2
mutfak,2
yeterli,2
hisarinda,2
rekl칙m,2
dere,2
bogazinin,2
ok,2
giderek,2
sisen,2
akip,2
omuz,2
kipirdatamadan,2
fe,2
masmavi,2
i팮nternet,2
er,2
canli,2
oturabilir,2
toplamak,2
biber,2
sultan,2
karsilastik,2
yemeginde,2
tabaga,2
bugday,2
havuc,2
adres,2
kar캼캼k,2
칞ikolata,2
ne,2
verdigi,2
yanindaki,2
kapida,2
siradandi,2
kupkuru,2
iken,2
votka,2
르rap,2
yemekleride,2
beraber,2
goren,2
once,2
grup,2
helva,2
art,2
belirli,2
ye를lk칬y,2
zorlamislar,2
zorlamak,2
ye를l,2
k캼smak,2
populerligi,2
igrenc,2
artiik,2
sinirlarini,2
zorlamis,2
tavri,2
tarzi,2
konusmasi,2
uslubu,2
yenilemek,2
i칞iliyor,2
y캼l,2
seviyordum,2
m칲steri,2
ince,2
ustasi,2
kasmak,2
fsm,2
zebellah,2
ka칞캼rmak,2
n,2
rastlamak,2
cajun,2
cekmisti,2
terslemek,2
soyleyemeyecegim,2
gelinebilir,2
abi,2
e릅iz,2
zayif,2
kule,2
k캼zmak,2
칬glen,2
deneyim,2
methetmek,2
kullanilan,2
bul,2
utanmak,2
acilasmis,2
tereyagi,2
edeb칥,2
durak,2
dek,2
olmayi,2
kalintilari,2
mado,2
siyahlasmis,2
kahvaltisiyla,2
lar캼n,2
ka칞inci,2
herg칲n,2
tipki,2
anne,2
degmis,2
eyvallah,2
s캼mak,2
serinlemek,2
imk칙n,2
schnitzel,2
siparisi,2
dusunduruyor,2
soylemis,2
aksiyor,2
fazlasiyla,2
ortak칬y,2
ciddi,2
donmustuk,2
istenen,2
abart캼,2
camek칙n,2
bahariye,2
mana,2
gezer,2
kelime,2
doner,2
칬renci,2
usta,2
muhtesemdir,2
alt캼,2
kunefe,2
kaldi,2
mevcur,2
pizzanin,2
ice,2
al,2
ramazan,2
porsiyonlari,2
buyutmek,2
mumkun,2
puanimdan,2
sirf,2
kisiyorum,2
tiramusu,2
ziyade,2
defalarca,2
칞ekici,2
yiyebilceniz,2
odun,2
ate,2
pisenin,2
secenekleri,2
soya,2
telefon,2
mendil,2
istedigimiz,2
kagitta,2
yar캼,2
s칲rmek,2
ibaret,2
davranmak,2
kuskonmaz,2
pure,2
esmek,2
saba,2
soylenen,2
kalmamis,2
bilmemm,2
kalabalikti,2
islak,2
hesab칥,2
soylememize,2
y칙r,2
abartisiz,2
k캼zarmak,2
art캼,2
tart캼릀ak,2
lu,2
u칞uklamak,2
ugrayin,2
ziyaret,2
atmosfer,2
s칲r칲klemek,2
mevsim,2
spesifik,2
anlamiyla,2
fruit,2
de른r,2
passion,2
olarakta,2
olmadigindan,2
defa,2
k칬r,2
g칬rmez,2
gelebiliyorum,2
kanimca,2
dandik,2
garsonlari,2
isiklariyla,2
kanyon,2
sikintili,2
sarsmak,2
doyuruculugu,2
칞ar캼,2
adi,2
칞orba,2
tuz,2
kar캼n,2
n캼n,2
lahmacun,2
b칲t칞e,2
karsida,2
yanl캼,2
rumeli,2
eh,2
aksam칲st칲,2
te,2
sulu,2
seyden,2
lasagne,1
direk,1
yedmek,1
lynchburgleri,1
kiyaslamasam,1
g칲zelmis,1
begenmedi,1
adam,1
hatay,1
olunabilecek,1
칞arpmak,1
zeytin,1
restda,1
koruyan,1
pahalanmak,1
uskudardaki,1
cookshop,1
firin,1
ithal,1
i팮thal,1
s칲tlaci,1
diyince,1
aklima,1
gelipte,1
d칬k칲lm칲s,1
fin,1
almadiginiz,1
yerlestirilmis,1
ugultulu,1
oldugunh,1
catma,1
istedigimde,1
ah,1
k칬k,1
turk,1
gmall,1
kahves캼n캼n,1
sut,1
캼c캼nden,1
gerekce,1
bocekle,1
d캼b캼ndek캼,1
b칬cek,1
를mdilerde,1
칞캼kt캼,1
kahvey캼,1
b캼t캼rd캼캼n캼zde,1
hergun,1
aksamak,1
olmadi,1
i팮ngiliz,1
d칲s칲nd칲g칲mden,1
karsilasiyorsunuz,1
sahil,1
칞캼karmak,1
yapragi,1
bolca,1
yapragini,1
cookk,1
zincirlikuyu,1
hasret,1
getirdigimizde,1
birden,1
bebek,1
bilgilenmek,1
dermek,1
cadde,1
kurucesmede,1
lazimdi,1
be,1
lahmacunlari,1
acidan,1
g칬r칲lmesi,1
alabiliyor,1
k캼y캼,1
etmicem,1
rahatl캼kla,1
ta,1
dizaynini,1
a륾,1
bulabilirseniz,1
sevemedim,1
artti,1
bogazi,1
manzarayi,1
kapiliyorsunuz,1
korku,1
islatir,1
bekleyebilirsiniz,1
bahsetmek,1
oturun,1
tadil칙t,1
kefil,1
pi릀ek,1
yumurta,1
soymak,1
ay캼klamak,1
yi,1
bu,1
a칞,1
fotoraf,1
zay캼f,1
nie,1
sordugumda,1
cvbini,1
ekstra,1
dalga,1
gemi,1
tatdigimiz,1
ora,1
g칲venmek,1
sevim,1
g칬r칲n칲,1
insan,1
beyefendi,1
rezerv,1
oray,1
rak칥b,1
deyip,1
alam캼yoruz,1
른hir,1
olamayca캼m,1
ziyafet,1
i팮ftar,1
muhit,1
sans,1
gece,1
ki를lik,1
oyle,1
iptal,1
ruhsatini,1
belediye,1
tevazu,1
i팮stanbulun,1
yeti릀ek,1
verecek,1
bastirilabilirdi,1
kriz,1
tesekk칲r,1
n칲,1
tasar캼,1
anca,1
lokanta,1
kaymak,1
avarajda,1
otursaydik,1
okey,1
tavlamak,1
ula,1
sonununda,1
kesmek,1
kisminda,1
girece를mizi,1
yaz,1
nere,1
oturdugumuz,1
arac,1
birazc캼k,1
ayrilirsiniz,1
ilgili,1
oynamak,1
sevd캼g캼m,1
karadeniz,1
yuz,1
veriyorlard캼,1
league,1
premier,1
yakla캼k,1
patlamak,1
gurultu,1
kofteleri,1
chef,1
olabilirsiniz,1
nihayet,1
kimligi,1
m칲davim,1
gidice를nizden,1
ge칞irece를niz,1
araba,1
verir,1
aga칞tan,1
cabas,1
d칲s칲n칲lsede,1
fas칲lye,1
birebir,1
yaristirmak,1
a칞liginizi,1
aparatifleri,1
edemesi,1
sakinlestirir,1
m칲cedele,1
yap캼릀ak,1
bulundurmak,1
yavastu,1
karmak,1
y칲zmek,1
pilavi,1
dogal,1
sofranin,1
gittigimdeki,1
ikinci,1
isteyin,1
bulamadim,1
olmasindan,1
kaynakliydi,1
olmasini,1
anlam,1
veremedim,1
almasina,1
katlarinda,1
ilgin칞,1
uygulamaydi,1
g칬remedik,1
d칲zg칲,1
f캼rsat,1
g칬n칲l,1
musteriye,1
ho릁ut,1
bende,1
bakilmaktadir,1
gozuyle,1
kaz,1
yoluncak,1
uzamak,1
kuyruk,1
birtane,1
schinitzel,1
tavirlarina,1
stres,1
hadi,1
begenmedik,1
bereket,1
lakin,1
kusur,1
kucucuk,1
garip,1
supriz,1
bahce,1
yemyesil,1
ulastiginiz,1
kapidan,1
sokaklarindan,1
kadik칬y,1
eklemek,1
uyg캼lanan,1
tamam,1
m칲essese,1
anla릀ak,1
oral,1
tut,1
tatsiz,1
yemege,1
a칞ikcasi,1
sefer칥,1
kabak,1
vb,1
miss,1
칞orbasi,1
degisik,1
yorgun,1
alinir,1
garib,1
kaldirilmis,1
tadimizda,1
muhtesemdi,1
de,1
mabeyn,1
kalmiyor,1
burun,1
ald캼rmak,1
kirk,1
istegimiz,1
bi른y,1
soslari,1
tum,1
baskalari,1
kontrol,1
tarafindan,1
kullaniliyordu,1
alti,1
us,1
mayonez,1
bulunmasi,1
maliyet,1
alak,1
gorun,1
bulabilmeniz,1
yaziyorlar,1
hisarustu,1
칞anak,1
르tobiryan,1
k캼s캼k,1
sorbe,1
yakinlarda,1
kebabini,1
basina,1
fagotto,1
yakalamak,1
koltuk,1
olucak,1
gelicek,1
hat캼rlamasamda,1
gruplamak,1
avantaj,1
mukkemmel,1
alabiliyorsunuz,1
kemik,1
칞o릇n,1
biray,1
bo릀ak,1
homemade,1
tea,1
kisilik,1
sagliyor,1
biralarindan,1
tepe,1
akiyordu,1
gecirmesinden,1
k캼s,1
bistro,1
seviceksiniz,1
g칬zde,1
etkin,1
oturabilceginiz,1
sabanci,1
m칲ptelasi,1
bas,1
ariyoruz,1
performansini,1
br,1
do,1
yaban,1
pes,1
s캼k캼c캼,1
soyleyemiycm,1
i팮cerisi,1
bahcesi,1
sebebiyle,1
kullanimina,1
toplam,1
kafeterya,1
d칲g칲n,1
nisa,1
toplanti,1
organizasyon,1
ger칞eklestirmek,1
bikkin,1
kahvaltilari,1
mabeyin,1
dir,1
nami,1
nam,1
cam,1
캼s캼tmak,1
y캼lba캼,1
aynen,1
를를rmek,1
pismis,1
harikaydi,1
yumurtali,1
kizartilmadan,1
a칞ik칞asi,1
tadima,1
arkadaslarim,1
buldugumu,1
umdugumu,1
rize,1
firsati,1
trabzon,1
oluslari,1
kullaniyor,1
y칬re,1
arttiracaktir,1
sayginligini,1
g칬sterdiginiz,1
ayrani,1
buldugum,1
yuzden,1
yakinimda,1
hat캼rlamak,1
starbucks,1
tabla,1
k칲l,1
kit,1
칬zen,1
d칬n칲st칲r칲rlerse,1
yayilmis,1
yasindaki,1
k칬se,1
d칬rt,1
sani,1
dahil,1
ek,1
yukaridaki,1
oglum,1
agaci,1
ortasindaki,1
restorantin,1
칞e를tlemek,1
aliyor,1
korulugunun,1
pas,1
fetih,1
k칲f,1
musluk,1
alaka,1
ya르mak,1
칬ncelikle,1
aksak,1
h칙l,1
se칞im,1
valla,1
s칲ti릆ir,1
칲칞,1
ilgiside,1
k캼yas,1
i팮n,1
mart,1
ayin,1
yogurtlarinida,1
manda,1
yediklerimizide,1
kesin,1
d칲serse,1
k캼캼n,1
d칲릀ek,1
karar,1
bisi,1
anladim,1
yedigimi,1
bgn,1
kahvalticiydi,1
sevdigim,1
berbatti,1
tabikide,1
y캼ld캼z,1
sab캼r,1
bulamadigimiz,1
gidelebilir,1
acici,1
istah,1
dagiliyordu,1
yumusamis,1
ekmegi,1
roll,1
칬glenleri,1
machiato,1
dolmak,1
칬rnek,1
hastal캼k,1
y캼kanmak,1
kir,1
릇nu,1
fincan,1
enteresan,1
haftaici,1
aksamlari,1
vurmak,1
besiktaki,1
g칲nd칲z,1
sal캼ncak,1
mola,1
tan캼d캼k,1
kat캼,1
citys,1
tak캼lmak,1
칞캼k캼,1
cuma,1
tadlar,1
durum,1
mantikli,1
ciftlerin,1
cocuklu,1
espresso,1
칬z칲r,1
muamma,1
fevk,1
nokta,1
vazgecilmez,1
hour,1
i칞ebilirsiniz,1
bunalmak,1
f캼r칞a,1
dakka,1
ersoy,1
iletmek,1
b칲lent,1
esinmesi,1
panpa,1
d캼sar캼da,1
yuva,1
ku,1
a칞캼m,1
pizzasi,1
zincirlemek,1
pizzaci,1
anlamiyorum,1
uyardigimizda,1
kfcsi,1
alamiyorsunuz,1
hicbirinin,1
kar캼릀ak,1
yakismiyor,1
yavasti,1
pirzola,1
sogudu,1
edildigi,1
ezogelin,1
칞esitleri,1
tutmuslar,1
yediginiz,1
ger칞egi,1
neredeyse,1
has,1
u,1
cac캼k,1
itiraz,1
kutlamak,1
yo릇n,1
yummy,1
s칲tla칞la,1
final,1
yo릇rtlamak,1
tur릇,1
siyah,1
s칲t,1
da캼lmak,1
a캼z,1
kurufas칲lyeci,1
pendik,1
cumartes,1
hissediliyodu,1
bosken,1
dolmasiyla,1
arkadasimin,1
unutmak,1
yanina,1
baliklarin,1
ala,1
netice,1
iyidi,1
rica,1
dolay캼s캼yla,1
si,1
tanimimiz,1
hakketmek,1
i팮칞inizi,1
olmaniza,1
masalarin,1
yapmamiz,1
hatirlatma,1
ictik,1
yonlendirmesiyle,1
mutfagindan,1
lafin,1
nasil,1
yemeginin,1
degilim,1
칞칬zebilmis,1
yogunlugu,1
s칬yledigim,1
kisasi,1
s칲nger,1
arkadasin,1
atildi,1
topar,1
apar,1
kola,1
sasirtti,1
dusukluguyle,1
lacivert,1
giri,1
kasap,1
reyon,1
캼캼lt캼,1
bolu,1
gardenya,1
uclu,1
yogurt,1
guvecte,1
sert,1
yumusak,1
르tobiryan캼,1
lik,1
hat캼r,1
dair,1
sene,1
zay캼flamak,1
budamak,1
s칬yledikce,1
ermeni,1
yakisiyor,1
sa캼r,1
avantajli,1
s캼cac캼k,1
kuaf칬r,1
basladilar,1
kumpir,1
yil,1
teyze,1
g칬zlem,1
uygulamasi,1
resim,1
indirim,1
marmara,1
oturmasi,1
karsi,1
hayir,1
m칲,1
b칬regi,1
kurtulmak,1
칞oluk,1
han캼m,1
hik칙ye,1
stat칲,1
baklavay캼da,1
emin칬n칲,1
atmak,1
adimimi,1
kurmak,1
sofrasida,1
sure,1
kisa,1
teras,1
balkon,1
uygulamak,1
sinir,1
abartmak,1
eleos,1
g칬r칲nd칲g칲,1
karsilamadi,1
portakal,1
ya,1
sordugumuz,1
wrapimiz,1
yazilmis,1
menude,1
zincir,1
sand,1
du,1
a캼r캼,1
arastirip,1
doneri,1
buranin,1
hisar,1
bulabileceginiz,1
tamina,1
doyamayacaginiz,1
aromasina,1
kaldirdiklarini,1
menulerini,1
henuz,1
degistirmediklerini,1
tatlililari,1
spesiyal,1
칞alisiyor,1
sayida,1
yaklasik,1
saksuka,1
dolmasi,1
barbunya,1
kalktigimizda,1
konulmus,1
susmak,1
ikisininde,1
degistirdiler,1
d칲r칲mu,1
wrapten,1
hakik칥,1
otobus,1
pisimisini,1
kovalamasi,1
olmustur,1
probleni,1
bepenmeyebiliyorsunuz,1
bulaca캼n캼z,1
bayat,1
u칞urtmak,1
kelebek,1
kedi,1
seslemek,1
duyabileceginiz,1
d칲s칲ncesindeyseniz,1
dostlarinizla,1
bakayim,1
orayada,1
yanyana,1
press,1
host,1
gulup,1
duraginin,1
noktamizdi,1
semaver,1
simdiden,1
gidicekler,1
gozumuzde,1
yaa,1
yazdilar,1
kahvehane,1
havan,1
egleniyorlar,1
s캼n캼z,1
numnum,1
al캼yorlar,1
sandvi칞,1
risk,1
mahsul,1
uymak,1
m칲ddet,1
wifi,1
른beke,1
gezmek,1
sistem,1
otoparki,1
yapiyormus,1
sabah,1
bufe,1
menusundeki,1
buyru,1
piyasa,1
nachos,1
tur,1
kivami,1
aromasinin,1
kavun,1
ferahlatiyordu,1
orani,1
sekmek,1
calisiyor,1
cevir,1
duzenlemesi,1
okadar,1
inki,1
aday,1
游땙,1
prens,1
uzman,1
g칲ll칲o륿u,1
m칲tevaz캼,1
luks,1
yiyebileceginiz,1
kiyaslayacak,1
kebap칞ilarla,1
hayirli,1
yasaklamak,1
acildigindan,1
yapilmiski,1
taki,1
uyum,1
hangi,1
olmalilar,1
almasi,1
ses,1
bakmak,1
saha,1
yasadi,1
begendili,1
칬z,1
kalmadim,1
ficcini,1
hosnut,1
hic,1
cerkez,1
oturamayacagimizi,1
arkadaslarimizi,1
oturdugumuzda,1
kismina,1
entresan,1
u칞mus,1
pop칲lerligine,1
칞칬zmek,1
hepside,1
cogunu,1
baslangiclarinin,1
sakizi,1
kattiklari,1
begendilerine,1
alip,1
insiyatif,1
dun,1
kustahca,1
og,1
ge칞irebilirsiniz,1
vazge칞ilmez,1
serpmek,1
i팮칞ten,1
mezgit,1
de를릀ek,1
르캼rmak,1
s캼k,1
ambiansi,1
maket,1
minyat칲r,1
orto,1
stagioni,1
quattro,1
geli릆irmek,1
칲niversitesi,1
칬deyip,1
bo르zi칞i,1
veriyorum,1
a를k칙r,1
kan캼,1
plaza,1
kel,1
yapabilce를miz,1
kosturmaca,1
yapiliyor,1
sogumustu,1
abartildigini,1
g칬n,1
past캼rma,1
harcamak,1
emek,1
zorlastiriyor,1
almanizi,1
yediginizden,1
yasanmasi,1
hareket,1
kaotik,1
etraf,1
p칬rs칲m칲st칲,1
s칬g칲s,1
salatalik,1
d칲s칲n칲yorum,1
caydi,1
ictigim,1
koltuklari,1
quesadillanin,1
칞칬mlek,1
tavukg칬릅칲,1
칞apraz,1
sa,1
emirgan,1
tahmin,1
gelicez,1
yuzluydu,1
bakmiyor,1
ali,1
dondurulmus,1
market,1
dipdibe,1
ozelligi,1
hicbir,1
koftenin,1
yogurtlarini,1
biraktigimiz,1
yogurdun,1
tadini,1
oradak캼,1
al캼koymak,1
cazip,1
levent,1
geliyorum,1
tatlilarda,1
ugrayacagim,1
tattik,1
harikasiniz,1
karsilandik,1
칞ikabilirsiniz,1
sonrasi,1
m칲kellef,1
sak,1
yakalayacaksiniz,1
allahaskina,1
izlemek,1
care,1
sabahlar캼,1
tandir,1
yagsiz,1
kaba,1
numara,1
ay캼p,1
istenmesi,1
ehh,1
ger칞i,1
tv,1
park,1
ugramali,1
d칲른n,1
sess,1
ugramayiniz,1
kalir,1
karsisinda,1
lavasi,1
bugune,1
lavas,1
oturdugunuz,1
bulasmasin,1
pastasi,1
칞ikolatali,1
un,1
ta캼mak,1
skala,1
nazar,1
alg캼,1
i팮sim,1
donerci,1
getiriyolar,1
baslaniyor,1
yapilmaya,1
aliniyor,1
siparisiniz,1
b캼r,1
캼c캼n,1
lazim,1
cennet,1
yans캼mak,1
ka칞mak,1
cool,1
g칬r칲nt칲,1
yad캼rgamak,1
g칬r칲n칲m,1
samim칥,1
i칞ip,1
ayilip,1
a륾캼n,1
menudeki,1
degisti,1
i팮nanilmaz,1
trio,1
pizzeria,1
kali,1
g칲l칲msemek,1
eleman,1
k캼s캼t,1
sosyal,1
karakoyde,1
ugrasmak,1
kapmak,1
mamul,1
pastane,1
pastalari,1
bayildigim,1
manzarasina,1
칞alistigim,1
ugramaya,1
hafta,1
anzarasi,1
칬zde,1
i팮kisi,1
medya,1
bayilani,1
bulmadim,1
yaz캼k,1
dunyanin,1
d칲칲n칲r,1
makarnasi,1
firinda,1
soyledigimiz,1
goze,1
dk,1
degilse,1
yiyebilecegimiz,1
pizzalarini,1
yemegivari,1
cevresinde,1
galat,1
zeytinyaglilari,1
kay캼p,1
afiyet,1
i팮칞ecek,1
fas캼l,1
칲칞lemek,1
odaklamak,1
yavaslar,1
kasarlisi,1
kapali,1
cekenler,1
sabaha,1
barbaros,1
k캼rmak,1
direksiyon,1
칞abuk,1
veriyordu,1
itmek,1
artmak,1
s캼kl캼kla,1
haz,1
y칲xl칲,1
sinirsz,1
ustunde,1
